Mes;Hectáreas vendidas (acumulado campaña);Bolsas de maíz;Bolsas de girasol;Clientes activos;Clientes nuevos;Retención: % de clientes 25/26 que volvieron;Clientes con 2 o más líneas (semilla, insumos, financiación);Prospectos A contactados;Cotizaciones enviadas;Cotizaciones cerradas;Publicaciones hechas;Publicaciones planificadas;Alcance de la pauta en la zona;Contactos con el WhatsApp agendado;Notas
oct-2026;;;;;;;;;;;;;;;
nov-2026;;;;;;;;;;;;;;;
dic-2026;;;;;;;;;;;;;;;
ene-2027;;;;;;;;;;;;;;;
feb-2027;;;;;;;;;;;;;;;
mar-2027;;;;;;;;;;;;;;;
abr-2027;;;;;;;;;;;;;;;
may-2027;;;;;;;;;;;;;;;
jun-2027;;;;;;;;;;;;;;;
jul-2027;;;;;;;;;;;;;;;
ago-2027;;;;;;;;;;;;;;;
sep-2027;;;;;;;;;;;;;;;
